change_type,company_number,company_name,officer_name,officer_role,appointed_on,resigned_on,date_detected,digital_background,digital_roles,client_connections,watchlist_connections,concurrent_watchlist,llm_commentary
New Appointment,02676622,ANTARES GLOBAL MANAGEMENT LIMITED,"PASTERFIELD, Matthew John",director,2026-08-26,,2026-09-03,,,,,,"**Assessment:**

Antares Global Management's appointment of Matthew Pasterfield signals continued leadership stability with insurance sector experience (MS Amlin background), though this appears to be a routine directorial succession rather than a strategic pivot. The single live job posting combined with stable director count (5) suggests normal operational activity without aggressive expansion signals.

**BD Opportunity:** Limited immediate opportunity. Monitor for future movement—particularly if digital transformation or new client sector expertise joins the board, or if job postings increase materially. Current signals don't indicate heightened vulnerability to broker engagement or strategic repositioning."
Resignation,02676622,ANTARES GLOBAL MANAGEMENT LIMITED,"SAHOTA, Sukhvinder Singh",director,2025-01-07,2026-08-26,2026-09-03,,,,,,"**Assessment:**

Antares Global Management's appointment of Matthew Pasterfield signals continued leadership stability with insurance sector experience (MS Amlin background), though this appears to be a routine directorial succession rather than a strategic pivot. The single live job posting combined with stable director count (5) suggests normal operational activity without aggressive expansion signals.

**BD Opportunity:** Limited immediate opportunity. Monitor for future movement—particularly if digital transformation or new client sector expertise joins the board, or if job postings increase materially. Current signals don't indicate heightened vulnerability to broker engagement or strategic repositioning."
New Appointment,04163431,QUILTER LIFE & PENSIONS LIMITED,"ATWAL, Kalvinder",director,2026-09-01,,2026-09-03,,,,,,"**Assessment: Limited immediate BD signals**

Both appointments are internal consolidations—Atwal and Kotecha are already embedded in the Quilter group ecosystem across investment platforms and financial planning entities, suggesting organizational restructuring rather than strategic pivot. Neither director shows digital transformation credentials or external client connections that would indicate new market expansion; the moves appear to strengthen governance across existing subsidiaries rather than signal appetite for new insurance products, distribution partnerships, or technology-enabled service offerings. With zero live job postings and no external hires, this is a maintenance rather than growth phase—monitor for future external hires or technology announcements as leading indicators of BD opportunity."
New Appointment,04163431,QUILTER LIFE & PENSIONS LIMITED,"KOTECHA, Kanayalal Amritlal",director,2026-09-01,,2026-09-03,,,,,,"**Assessment: Limited immediate BD signals**

Both appointments are internal consolidations—Atwal and Kotecha are already embedded in the Quilter group ecosystem across investment platforms and financial planning entities, suggesting organizational restructuring rather than strategic pivot. Neither director shows digital transformation credentials or external client connections that would indicate new market expansion; the moves appear to strengthen governance across existing subsidiaries rather than signal appetite for new insurance products, distribution partnerships, or technology-enabled service offerings. With zero live job postings and no external hires, this is a maintenance rather than growth phase—monitor for future external hires or technology announcements as leading indicators of BD opportunity."
New Appointment,03641384,FERRAVALE LIMITED,"ASQUITH, Frances Sophia Lady Frances Asquith, Lady",director,2025-05-27,,2026-09-03,,,,,,"**FERRAVALE LIMITED – BD Assessment**

Lady Frances Asquith's appointment as a senior director signals a strategic shift toward high-level stakeholder engagement and potential sector repositioning, though her lack of prior UK directorship experience suggests this is a new venture for her. With no active job postings and limited public career data available, this appears to be a consolidation rather than growth phase—recommend monitoring for future hiring signals or partnership announcements that would indicate expansion plans. The prestige of her appointment may indicate FERRAVALE is targeting relationship-driven business in a specific market segment; further investigation into her professional background and sector connections would clarify BD entry points."
New Appointment,03302887,CFC UNDERWRITING LIMITED,"WINSLOW, Adam Charles",director,2026-09-01,,2026-09-03,,,,"U K INSURANCE LIMITED (Director, until 2025-07) | CHURCHILL INSURANCE COMPANY LIMITED (Director, until 2025-07) | GRESHAM INSURANCE COMPANY LIMITED (Director, until 2023-04) | POOL REINSURANCE COMPANY LIMITED (Director, until 2023-08) | AVIVA INSURANCE LIMITED (Director, until 2023-08)",,"**Assessment:**

Adam Winslow's appointment as senior director at CFC Underwriting represents a consolidation move within the CFC Group's corporate structure rather than a strategic pivot signal. His background shows deep operational experience across CFC's holding companies and claims operations, suggesting focus on internal governance and group integration.

**BD Opportunity:** Limited immediate opportunity. The absence of digital transformation credentials or external client connections in Winslow's profile, combined with zero live job postings, indicates CFC is not actively expanding capacity or capabilities. Monitor for future external hires or partnership announcements that would signal growth ambitions in specific market segments."
